{"init_params": {"cat_dims": [], "cat_emb_dim": [], "cat_idxs": [], "clip_value": 1, "compile_backend": "", "device_name": "cpu", "epsilon": 1e-15, "gamma": 1.5377185972039231, "grouped_features": [], "input_dim": 67, "lambda_sparse": 2.4791381958764685e-06, "mask_type": "sparsemax", "momentum": 0.31119131379716436, "n_a": 46, "n_d": 18, "n_indep_decoder": 1, "n_independent": 2, "n_shared": 2, "n_shared_decoder": 1, "n_steps": 5, "optimizer_params": {"lr": 0.0013782495262724347}, "output_dim": 2, "scheduler_fn": null, "scheduler_params": {}, "seed": 42, "verbose": 1}, "class_attrs": {"preds_mapper": {"0": 0, "1": 1}}}